,numberOfAppearances,contentfulId
Paul F. Tompkins,175,3IHChSp7hP9X1dx94DcUUt
Lauren Lapkus,55,5933Btw8LttbDTLjnjy5H3
James Adomian,54,3Iw3ATxSHUlijajsnWj9E2
Jason Mantzoukas,47,5JNE7dZgYDUaQtPdJbl7nB
Neil Campbell,39,JTYClsnofbkNwWx5fEJwR
Andy Daly,38,2G68zYoOuyg7F1ksPAlfMp
Nick Kroll,36,4qiRwVZY5288SEyXVKU5Yz
Jon Gabrus,35,3fdbClsFvwEJJjwClHYEpM
Horatio Sanz,30,1VF4fmGTIVV3ttvRDipPXK
Ben Schwartz,30,5U0Urh1mNUYp2NebA81E40
Drew Tarver,28,27O4TfEmC3J2ULSfEiQvFw
Jon Daly,27,4yvqswMLCtph8ZekqgI0ms
Will Hines,27,7onU47GI1WOMvB3gGjyKwZ
Seth Morris,25,3GXzwpF8OHOOXOtLNPp8Ov
Mike Hanford,25,7h0baJlpXx8n3lgSnSCkwF
Carl Tart,24,4itPMU5TfuCH40zqrRPGEY
Matt Besser,24,36AkVkuH06qnRf5GuXlbKT
Tim Baltz,22,63Gvnpg27LvwkjuBRx0MdH
Mary Holland,22,6Ne2bsBmChzTDnaLggNYfl
Paul Rust,21,68WBh9jCY6N8vSz592fKNc
Jessica St. Clair,20,73efNuuGnZk5Z0vFKa6uiT
Ryan Gaul,20,3G3KSfmF2Qu3DcXkXYN9R7
Shaun Diston,20,77y665E8xJ2MVGgn1YiXn4
Doug Benson,19,4qDgrTa4gpxazaGecoE7dU
Ego Nwodim,18,7eCWnEH6fEnBcqdhuCwKWu
Jessica McKenna,18,5QxINL2NJNHOZZCQQPbeQT
Weird Al Yankovic,18,6i8Ngpk8Sh0ksK16CWU8dX
Brett Gelman,18,1DDjREEuURlsIdeHswhF26
Thomas Middleditch,18,c2ZB5ZMio0lVpdPagGuJW
Paul Scheer,17,2DsdANOSy3VbzkdhThTPJk
Harris Wittels,16,3p67SefbA3Fy2HUuAtw4nO
Reggie Watts,16,15Qk5rHDWInXtoQ1m0K0n5
Brendon Small,16,15PTGE5c5kQzMwK3LTmAWL
Joe Wengert,15,62zO9LQwCmTY806ERfRyIs
Lily Sullivan,15,3Stfgpql2xtuywiq8d3O9F
Tawny Newsome,15,2kdg62ozUXV5Pyduj7SRiL
Matt Gourley,13,3Ud9QqWNH0oiL4aIKzb1lK
Lennon Parham,13,2cUhp89UZmlAhx6AfSBlwG
Dan Lippert,13,2RNCIswtWU5c3B3PbkAlEb
Andy Richter,12,32vdALdSlITJVw4jjCOksk
Tig Notaro,12,YfUIzAujA1NDi60ERtDRY
Bob Odenkirk,12,7n1ldOcdnp3ImkVt4AmsSk
Zeke Nicholson,12,1s1GrtPTi9jd6paIticJ1l
Patton Oswalt,12,39KykvVEAKTuYijyB2MXJV
Jimmy Pardo,12,5GQWEDmPVs4l3Xq2gIWYFo
Chelsea Peretti,12,5ekCGmvoihjzJexHPCUeXH
John Gemberling,11,1wXZP67axIDqsCUNNIDhEI
Rob Huebel,11,22AanitCn1GPbmP8HIABEj
Nick Thune,11,2c3PWMD0QyePlHBFHzcenj
Gillian Jacobs,11,2GZqCrtDcYJRZzh1FlZMVc
Thomas Lennon,10,7bQu61Fk3exngnsWQ0DObL
Paul Brittain,10,4ptUOVBCiGsJcorAfrMHEk
Zach Galifianakis,10,3WY8gkBlUNGPGftPR15oHE
David Wain,10,4k86rtwg12glENvWmJnR0q
Todd Glass,10,29D3MSEOpttAPCSFqK5oCt
Matt Walsh,10,4fZzeKVM2q58aqEs9e6vbW
Adam Scott,10,9tbZIsjyI7fL3Bf6lBVIr
Bobby Moynihan,10,33gHYp49AXNJZ9jBchgK7X
Jon Hamm,9,1CNILcLQo2Bc9OJqqvOGyC
Brian Huskey,9,6SNjfueDxaepql7M6vkdQO
Kumail Nanjiani,9,324qztkysZu3JBjs80kM8V
Sarah Silverman,9,7rbpELPph5XQcVv7tjDG3w
Betsy Sodaro,9,6dEFbcTbOohWAA1IoIie3z
Madeline Walter,9,5OxTpeI3T3T97SJmc6W9yD
Andy Samberg,9,2lcncgg7s2xxdhBjtjen0c
Ben Rodgers,8,7big28R4fCp8sUkBToh7vP
Nick Wiger,8,dy0tdeMlNPSCCuR6IgtV7
Tim Heidecker,8,1HZnjNLJrh2nquYjudzix9
Natasha Leggero,8,62r1QEmY4vgDtLW8ByQf9w
Erin Whitehead,8,1NWyorBICvSE4qSyVrvAmo
Claudia O'Doherty,8,4j3PSIxCrfBxU5L0Pz8hPj
Kristian Bruun,7,1EJxz33JH85hy8I0Uf8PVC
Jerry Minor,7,4r5bpaNzlekOL85IqQ4ofl
Martin Starr,7,3BDfYmkLvS6CwLCCaCZO0S
Zac Oyama,7,7AyRUgFiNUNvYvwk4NKBSH
Eugene Cordero,7,5Alu5MfLGdUI6hjZ2anmWf
Ryan Rosenberg,7,6fpFHynjIhdiDGlQvD8kN3
Pamela Murphy,7,5I2W3iNPIqdLpTVW0Ih56L
Jeremy Rowley,7,1b41mwGSJuZZmPeBonVjOH
Casey Wilson,7,6IVDsBhPcfOqUXjTzIjMX7
Edi Patterson,7,5IM0GKKYa21TZSqaqsWD7k
Mookie Blaiklock,7,5KKOpXRtOpuuiu4b0nuMt2
Cameron Esposito,7,7pamewltTamM5zbzPbRXdo
Kulap Vilaysack,6,6VxiFHeb48coeeVOp9ae0q
D'Arcy Carden,6,75lNgCTv8rFHTXXAW6N7M2
Tim Kalpakis,6,3ije5Qc9DZzaPIjAUQBQFr
John Mulaney,6,4Sy9XdmHfKYaiVKxblx6Ec
Alison Rich,6,pmBeUtKK5kgCqKfVrujLq
Howard Kremer,6,77wUuPJ9L3FnTbP0PoZe18
Holly Prazoff,6,YpWxGs5l7xOHgd6xndPq1
Rory Scovel,6,4FtUY2iZcL424tke42mSaB
Allan McLeod,6,1ccfc2NTS2wQNiQR2ZrGRT
Taran Killam,6,6ay2zBGiFJS7AEYCdbMRza
Adam Pally,5,79MOQnJ1aIsZkUWco3v15N
Sean Clements,5,7GTzWXvKjDp3Z6rhZy59fe
Tatiana Maslany,5,3ntsn6z7fzAJLQznOPpzoW
Colin Hanks,5,4yYaL5wAbdeDGzYuGgFhmw
Mary Sohn,5,4uQY53UgzPjUKcjOjlZKzs
Jason Sklar,5,3bvA7lCMPsZbNxeA9ijkS0
Brendon Walsh,5,3RbbmvFB0L3HGSKdRekNhc
Randy Sklar,5,2QxnSsCJt2hrfzKTO44s1w
Rhea Butcher,5,12umupEQDZG9aKx3Xr1oav
Gil Ozeri,5,sPMVZ295ftwy5nNqCwh6o
Jonah Ray,5,1rTT3xWxSASwcTe7LpmzTR
Rob Corddry,5,1tzupepKv2SWnQnMdx1OHn
Natalie Palamides,5,3xtse1e2decpUm6dUeHTKN
Kevin Nealon,5,1eeV82EE70cVx6H2bKGoJz
John Hodgman,5,6L2ht179mi4wB0UbiZFaMZ
Matt Braunger,5,2vlBbXHNx3HfCUcDkhyusR
Caroline Anderson,5,3STEycbJLHm1EdTIqIX15Q
Mike O'Brien,4,2I7r4zbEWE3poV5dMYKZgi
Jocelyn DeBoer,4,7MIK58J64HGtctFoqZo3rt
Andrea Savage,4,6ByGcTle0BaQ3Xf8tGVaey
Jon Mackey,4,4TCgqUeLdGK7qSyriDUZem
Jerrod Carmichael,4,5hrhUyHzyJSuvDVjgAcDkO
Fran Gillespie,4,4N3Qnxo7bZpPoBj1p958zl
Aimee Mann,4,Thz7CYMGQJi4hFqFJJmmx
Danielle Schneider,4,UuqesFFnrJPfmvVwplfs5
Maria Bamford,4,1fCrl56pHCYN2822AU6Mrk
Nick Swardson,4,wiesTSNOnBwqPwBoOWEPk
David Cross,4,3ayYUA6RJQeTomeSISUIYf
Ken Marino,4,HyJjA5nQs2UlTvRepuK6B
Erinn Hayes,4,vVqdyDTutMbPtDsETMkXd
Eddie Pepitone,4,5SqhVqH78tQ0yxlskAROwu
Amy Phillips,4,5NF75n5vTzHWxyvUVeq2Qw
Miles Archer,4,2K3bowzEyjVvbaIkkeDlaO
Dan Ahdoot,4,cjdl0FkKqhlC7fnI0CGAO
Mary Lynn Rajskub,4,421QCtcufjr0N2FKR09ShN
Dhruv Uday Singh,4,4Gp5D5eTIoUvrYO3jU3CEq
Stephanie Allynne,4,5ynoyC2lQOISi91YLvXPxz
Nathan Fielder,4,1iZu3UreAsqASuTZSFDt1U
Hayes Davenport,4,4Aj8EzycT1wB8Goazacbsa
Zach Reino,4,348s4RoLPJ5cE27Me76X8X
Chris Hardwick,4,5pgkvv7GiWmaPHEXXz8Lw5
Adam Cayton-Holland,3,5V5ZemwnQqTxYcdpuNabXp
Amy Poehler,3,4HV2w4l0X9ae3ypKsKVSqV
Mandell Maughan,3,3VvDLcfLkq0F8aByxHLJpx
Alana Johnston,3,1Ik7LSn4LnPkWH0blO6H7W
Birthday Boys,3,6C3EGqaEtlZRjD0ZO8DcMh
Dan Mangan,3,6k4ZWnEiYlBWzscyTKcDxG
Mike Birbiglia,3,554mEyZmrfUoLGmEGGqIpd
Max Silvestri,3,nDvO8uvL5WVIIRbufGaow
Jefferson Dutton,3,1mmaLGQnffMNfUKJBGZsGU
Kyle Kinane,3,3EmOTXSTNWr7zT2xLNoYD4
Anthony Atamanuik,3,5vb6qjlQ6H0ZK36tpephLy
Garfunkel & Oates,3,354lxjdltiphlSttoaWEVJ
Jackie Clarke,3,53fW4RQ6QgZhK6zkOi4rKG
Edgar Wright,3,3rKbdhJ6QStkerURxYXxoO
Kate Berlant,3,1NIQbc3Lb8jeCch1ipW6VE
Flula Borg,3,6PpyneqWXWhjXM8wnwb4KK
Anthony Jeselnik,3,7zLKHGy5slPlOmslbBVvLC
Edgar Momplaisir,3,48Ga9SZaiugUP4ZqusRX9N
June Diane Raphael,3,4t7M8hWFRkaO2qlYmH5eFH
Griffin Newman,3,7uXSvu4jsSYke3Fap3tmM5
Moshe Kasher,3,6gTY9FixANMd3jrDAS9s76
Chris Tallman,3,4p0wfba96pG9INiMcyNxMG
Don't Stop Or We'll Die,3,5fyUaSRWuiGZzciGB3mQwx
Aziz Ansari,3,5OBXQp39BJFCzBmfCaEvKY
Adam DeVine,3,6WWHWTts6F34jkmpuxz9E6
Jenny Slate,3,4D3IinzmWFtgus7xephsxo
Brent Weinbach,3,EX92Au5IxEkT1P3vDbVVW
Eliza Skinner,3,40MPpmQS7sYADgxAP0IsXZ
Michael Ian Black,3,2z5OsBhkCrCdnx8knvF3Tv
Molly Bretthauer,3,3BPOvjXojhPSLcfLt2hmyr
Matt Apodaca,3,6VetPknInUkvW3trGccx7B
Eugene Mirman,3,6cvchJH0xfqduqS5X3u6E2
Neil Hamburger,3,4rM64TuSCe0d3EnV5WH7MQ
Jordan Black,3,xxuMW29kQZV39prhHJzVA
Ronnie Adrian,3,0SehkyhvaKQcu6x2Dyco3
Will Forte,2,211qhwv4MJg1wNFrnjY2az
Chris Gethard,2,1iuLzB8ajoT3m6plJh599V
Kyle Bornheimer,2,sWRN0QGNqvzCJt0I7pEPA
Ike Barinholtz,2,QfS3arEytpjQA0SvbLslX
Steve Agee,2,6w9gqXbOFu6j8hJ9OnBM0J
Kristen Schaal,2,7krEOoFuCXOM0smXWbAfua
Brandon Johnson,2,26XbxXmWvUgNE8Xwnrz1TV
Demi Adejuyigbe,2,1qhBPNw585JSamZ2mr0759
Chris Fairbanks,2,6y7ZYt6KkvxwNKsTtZG8uM
Steven Yeun,2,6cUHDM1BZMhUvNQrMzHMkr
Anthony King,2,4Ql51nTKWNmt41zAnfii36
Rob Delaney,2,rrLCDibKstkhLY2c0cPhY
Baron Vaughn,2,4W9lnCDOplg1XuLwpOjcIt
Rhys Darby,2,67ffk88bOLMMVAZWldrsmq
Jeremy Carter,2,2mGMpGUH5qzLnGAIvCKCS4
John Early,2,7u0RAlTQFO0dRz8Zqeq36a
Ify Nwadiwe,2,7fa22bitYjJgCXASxe7VgG
Jeff Garlin,2,4l5G7tPXyrThFBmwV7yTHL
Mark McConville,2,3Wd5IN1Ev1mrWvgd3wsgxr
Michelle Biloon,2,7J7ggvfCTVOVT8PNFs7Yn
Wyatt Cenac,2,3Rp7spsf2idnDXfI4bzhFA
Neko Case,2,35Xx4pvIAVXuath0vAdtPs
Brian Posehn,2,4NJU3me31HDByCgZhklm8P
Pat Francis,2,5lOdDPZKhAqvv2ozEkEC8m
Dannah Phirman,2,4D36BZSqFZdrA2S2NEAVdH
Marc Maron,2,7fZeYBfFBnYIoAi3oPFtaK
Michael Showalter,2,4KuyLv2QSExqwwkCFkK8Dy
Andy Kindler,2,3nSZuAvDnJ5UbNpsq01iau
Langston Kerman,2,7lfB6w7OK2Cu5aYsz5b9pl
Heidi Gardner,2,2QdH9OeuvoCD0UlY6Vvgl1
Katie Rich,2,1vrOnCNtH9TOo2aRtjqDSw
Judd Apatow,2,4eCnoAgh1GpicEnO3UXFGm
Jim Gaffigan,2,1pdmX1lMSJebTibfJ3rh0n
Greg Proops,2,62f8NF6p0R6kPEhyTGtG4z
Fred Savage,2,2zqHPThQaseD8J2lhJnRt6
Melissa Rauch,2,4mbmdn1TEwvU6SRNZPtQO6
Michael Cera,2,72TAM5vBHJ3G1qRkkx3hY8
Rich Sommer,2,1JYOHYf63php9Fm20dOZg8
Matthew Sweet,2,1PFxVNZ5rTYc5zKqIW97Sd
Myq Kaplan,2,48vU1N403CgdQ4m9dplqsg
Todd Barry,2,7IPdYoe7QqZDMUaIFkLOdt
Matt Belknap,2,4JyDSqghUWrQDedrAfR2Lc
Lamar Woods,2,fnyu8NxzVOl43bunzK3ex
Dillon Campbell,2,1BSUITphLy30Gvdy47xAbU
Nicole Parker,2,678bs4EsLsl2r1iXMNW8Kg
Ele Woods,2,KpDzLEDwCWVb4fKpmS31q
Courtney Pauroso,2,67lLUlvQkd2TwCHixoiP4D
Ted Leo,2,5Yr0FNGDnUv7YLOvLh5Kax
Joe Lo Truglio,2,4QR5NBCAWA6LKSlCKO5jks
Nick Lowe,2,4CQnzk1N5x9CFsYotEL4SZ
Paul Gilmartin,2,Gt65uSHNGpfEruuUcnisj
Haley Joel Osment,2,1hN8MibsJOhLRpTmh3NxB6
Stephanie Wittels Wachs,2,4RUHFewPergTZvTO7BbPgv
Maria Thayer,2,2tt0G0UzpcGsljBFo16ZFQ
Paul Feig,2,iu3O0KXPHNdM4gxe9V5E5
Riki Lindhome,2,1IvoVymI7hsfxoOpYhbKSm
James Pumphrey,2,3iOMmedHw9TAOuLEbvoRvj
American Football,2,Oiss7KCxFh9fNbZEr2ucD
Loudon Wainwright III,2,77RC8SDIKxFalOGWZP6fzD
Andy Dick,2,6BIZOPVMpCdcBYXO5wpTCy
Shane Torres,2,7FFRxA4iCEY2MpJJu6jWQ1
Whitney Cummings,2,4DJ8eLShOWIZeeVwHfbTZM
Kirby Howell-Baptiste,2,2IrMXPqSJweaszQPRF2hua
Electric Guest,2,6aySTR0VfdPNnHw82oXWGO
Chip Pope,2,2BTkAXJJOcJQKy2nZiBblx
Bobcat Goldthwait,2,HD3Vaqiv25KD7TulSxCbg
Jordan Peele,2,5uHzUbI1pWb3HgTz1VJMSh
Tim & Eric,2,6lMtuac6stP0mt7HAgM8Eg
Tom Scharpling,2,14yps2QIFzsCyQS3KxmjDe
Jake Fogelnest,2,2zsfqnmJCJxS6UxSryP9gm
Michael Cassady,2,7571JtByXe6THUGHWnyEv0
Jiavani Linayao,2,68GBUgovyTcLuvKEIwSHbV
Londale Theus Jr.,2,Sqn4QU8laAycPpWsHMk3Q
Ben Roy,1,QzFP8YnYYnSdKCoIOt8Gn
Fred Armisen,1,6VzjGMo0uQzzUhvbwer6JW
Justin Kirk,1,3Zuxnng7O8tZf6qOjXdDza
Al Madrigal,1,3X0q33ZjZChfzqJkV96GHN
Colin Quinn,1,7BKvxxI3GVTQsywjh5WG8b
Paul Reubens,1,3nzZg4sfPsLUkeVsh7ghKs
Leo Allen,1,RHVeo1W3HsVIWn6ke3Ovj
Paul Witten,1,2HjI7AfMZ4IX7HtCnxgJB5
Ronna and Beverly,1,3UVC1wvcNH4wRcFSt9hq9c
Andy Hull,1,48a764wIQJ0FsjLYSzjMtK
Alan Tudyk,1,6BIVN6qlNOiAqpsKonJ59p
Marguerite Moreau,1,3K7zoPdHOA4m2aEugbyOXw
Chris Miller,1,34JJGraHS4HTfjKwtNZy4p
St. Vincent,1,2aUdf5GnO5smSkTLQalnO
Jay Chandrasekhar,1,1aMRKdkcfvCZDkRYUIICq2
John Grant,1,7unIJPcFv6YZF5gsipSh7p
CHVRCHES,1,137K0q6cAv6KjFhz0giczc
James Bladon,1,2BFYvmEQjEhZWIeFxlccBA
Diane Coffee,1,2UJlOTMbFvDmeATUHoRiVH
Janet Varney,1,4BZhARr7Dz36rieWvnlpMp
Ian Edwards,1,585YF174Slj4mVrtihUWbF
Peaches,1,2leYIqUmE3S1VlWWTnNVfi
Emily V. Gordon,1,NjGZPhn1orunm8unXTvGZ
Eban Schletter,1,6m0lsV86hAxOXOkk1cjmIA
Matt Young,1,3DZTqbFVdNcoYSnM65yf4j
Nat Faxon,1,2oFOrRjkynuen8ZdK4R42m
Rogue Wave,1,2SO4ZOZkreQbx3YxYN3gts
Joel Hodgson,1,60qrZzeZrwfcxPeZYxJReg
Niccole Thurman,1,4EFAVg0dhdGaikWcYYn3NK
Eric Stonestreet,1,3d8ortSMhjKMNmf6q1jIN3
Megan Mullally,1,6PnKzn6glwWRDkLVaOSwew
Dan Finnerty,1,3TAr7qu9MGi7HNdv86EysN
Aya Cash,1,1Fr1sxg5k7nI2oSPpS6DhU
Bryan Safi,1,EFvIxqgHdvtPwjt6y4kCr
Eden Sher,1,4F75pqQlD2DWko4HeNXEJa
Pete Holmes,1,6XZrQTvcOvaWz7xqTnLwkV
Colin Hay,1,6A1sf06Wl1eyDFnYn3DTCO
Jim O'Heir,1,3kwMdcjvVZkLR6EWsfrJQc
The Thermals,1,UXiKYd0MN51gzqQTxHzoD
Adal Rifai,1,72ZbL6v9OOJtpWd661BI9H
Jon Glaser,1,mtIfkq5bBcblv4QCx14yJ
Jane Lynch,1,7HJKtqGtpGdBWC1XtX5YEJ
Dave Ferguson,1,1A4HztLt9W8OpOa14Xytl5
Colton Dunn,1,1EdGKsiqs1vKxrvnwJpsdA
Simon Pegg,1,1pffnHUHGZX4RxfoBXVbXz
Joe Mande,1,7jvcScPmD3oJSi9vzi7Fh3
Lauren Ashley Smith,1,6Cjp5Jhxn65Ez6oQLmAFzF
Gilbert Gottfried,1,2VZEBO2sWMOlg6CsnZrXz5
Miriam Tolan,1,1UBRM7G0Y6WkaFQYwQ3WPH
Lisa Gilroy,1,60K1qpgOB6ezBrnJiITjyU
Brad Evans,1,78zSvPuBkyl5iHEaVNJide
Kyle Dunnigan,1,6FEPxKFjCe26jZCUFyrOHt
Greg Behrendt,1,Mitnx9LteJKkQrYhj7VN8
Trainwreck,1,2XBPpSTPMrSUgeiIdSrsNg
Shelby Fero,1,5rqDmzRvApi5LGD8PA1khj
Beth Stelling,1,2dKcfnMW6jFx2OPKfaJkWp
Jack Quaid,1,5o379ywMhOYnv7lK3pHsLy
Robert McDowell,1,XX29WpN28ynENHh0BRoVV
Drew Droege,1,1vWVOoAgN0RQ2rNObLmtOm
Jay Mohr,1,1T2Wou97T5T8gJiQJ6K0A3
Stephanie Hunt,1,3fuUo2Jbo84UQccUUMhA9I
Bill Callahan,1,3LI32iKdMKu5KAQ0xsicX0
Mitra Jouhari,1,7uVuiuc5ghFoYX6oeCpisb
Ryan Hansen,1,KMgqt8DjZmdszLV3ppM9p
Phil Lord,1,1ku4jkyBsMZhh9knfmb2FH
Sarah Chalke,1,6MN8WOTM5lww9tXJUk6RZU
YACHT,1,1IF3IU8HO1EmZxC7fStP4U
Paul Banks,1,6YiSNvATFO71pLMaUuDyfx
Grant-Lee Phillips,1,HCq5tEA8hChG146aRl9Tf
Tony Clifton,1,7kIjTrdXeMkqlUI9Wby18J
Janeane Garofalo,1,2Qdv7vseeHg0GIQoBkAdd6
Dawn Luebbe,1,4LTZnir449ugZHT6m0z1DX
Johnny Pemberton,1,1nX2Ur9ScJzD321YpOtJnj
Kay Cannon,1,1e3aC4wAQdpUwPIiRkPwWi
Phoebe Robinson,1,6mpuKWzWz5DvuKIU2TNeby
Aunty Donna,1,3Bro8HkwPoxgkkJO8TUrE
Alison Brie,1,3jnTmeMc7n9bRNeUmCzs9p
Hayley Huntley,1,2LpybPews5sgoEYQkYTvwu
Jim Rash,1,1KRvTO1zF6xufYmqJTxjhD
Mike Castle,1,43wKzyB5aH44gEKU33G1JJ
Alicia Witt,1,4g9oWgGX1qnKyBhDFjR8UG
Michaela Watkins,1,3VJ8YKAV5gURqdPOLp95LZ
Neil Patrick Harris,1,2mjSxKpPmlBXb2IQBVrqjh
Steve Byrne,1,2GHNmAUNLs6ftWvPjlAo4o
Jeffrey Ross,1,1HWRP9wCuJsyoJHRATCIvR
Craig Robinson,1,3XRpcaWpcxsOxvnzFIt0PC
Brody Stevens,1,5e8bNLjS0Wa7C98EFtqmfn
Alex Borstein,1,20mtyrDaXfaiwCqAk3aCKS
Hal Rudnick,1,4rFhcfdUBrQWCUDJvKE9va
Jerah Milligan,1,67SPZpeoLSORGnBHvkSa6C
David Spade,1,6EhC5U9xltny6DjO2Q6RJB
Michael Gladis,1,40JNIwYs85EhNoxpmyQMs2
Shannon O'Neill,1,7JpVPW9G1wOoMqPGOnr7Xc
Allen Strickland Williams,1,1attneVwR6kDLLlWIr10o7
Roman Sklar,1,5I0WiPKlDVs3uRFBhvushs
Chad Carter,1,1I0dudJj9vfSwe2wjN94Wy
Neil Casey,1,3NxLGite2NR9kc9nhNITfH
Sam Richardson,1,3fo2u0IKiuvPGHKTenSK6H
Jacob Wysocki,1,5JbDYfhg5Cgde4nJrzZ2W5
Robert Kirkman,1,5QFmAAd0vEqnv0TksXIzhf
Lake Bell,1,6nFeZZYZ9qrB9V3jtZHqKj
Jimmy Dore,1,26Qe9M7hF1BtIckW1RpiDG
Sasheer Zamata,1,3YYb4OwFYZJB118Qu9csvd
Jeremy Konner,1,2vgoCacTfqdnQK84lp4gGd
Paul Reiser,1,5bRllDvpLDmMoz6Buh20lF
Lakeith Stanfield,1,3GzIyZADcG65x7FSzJVY57
Susanna Hoffs,1,b0CGkM3Z0ajoBf5g0QEvJ
Tim Meadows,1,4OW27XCx12VmD7TKCzCE6Z
Seth Green,1,1ULTLFvFT6LAuj8nvTIfeB
Lizzy Caplan,1,4Luhojra9a2i3UB6szr2xy
Jason Woliner,1,362jZsynZ5fAMp6v6ZqhAA
David Guy Levy,1,4oPHSEE8KwggaZJ179nmi8
Randy Liedtke,1,3ChDBrqUMFU2x1LkloNkUb
Nicole Byer,1,3Exf6hxeVoeTleaFM5FWSc
Jason Nash,1,2eLm8A3v8h3Bq71i0UdOOk
Mary Scheer,1,kxZhSRl6LwIAULjPI0Dt9
Ruben Fleischer,1,7a58wqdq6QFqV8Hd7crePk
John Tejada,1,2rTZ3445MEV4LcK8afs2BE
Dave Holmes,1,5yZSmOCYTUzxEp1Ro7uc6D
Yo La Tengo,1,3KFf5ZpcExFlk4z3mZxUsm
Joel Kim Booster,1,1ZOakiOCDOMcEUMW5PCHOh
Laci Mosley,1,6RvIsWNWJWt0myG294LsrW
The National,1,7dsgUcGrpIYw8FQFPzIhdB
Henry Phillips,1,1iKhSrmGXKM56WcT2OrihE
Molly Shannon,1,3O0aJcWz9VzHd2iHeaEDru
Samantha Bee,1,4jH1U4xmIXiF7jLvoziFh1
Beth Dover,1,eDGC7ntBsGEacWDRwtWBz
Jamie Chung,1,64FqLshTiUh6uouhoeKAIt
Timothy Simons,1,3FGrgJaVAvSlSVOTUk84fg
Jake Weisman,1,qM7OGUvOatDAiayK5qbB4
Mister Heavenly,1,55E9zRR2HzjdOg0xNL66NQ
Mike O'Connell,1,68JlWfPh45Sim2t217MwtQ
David Anthony Higgins,1,4UVzjEMkERfrk87VsIvX50
Stars,1,4EZIrtAsPMfG5ivB1SrLUF
Arden Myrin,1,6Ieac93cooRmFDy36UrP99
Demetri Martin,1,5QxoigmWI3IfT3qVOT0ZvJ
Margaret Cho,1,1PVRFErcoMMMeCLaamw55d
Joe Cornish,1,6mfXLA9kSj4Q7wYXgF7aPu
The Bangles,1,6k3qlZrtR3112xeptY5OGq
Morgan Murphy,1,5kqTlOidJ2cLw2YovL6gPt
Dana Carvey,1,5fWfuONwOaDvVv9hMqaPIr
Julie Klausner,1,2BKcqFgUFBOAWLSlmP0iTE
Rachel Bloom,1,7ANOjbEvSzrtBI0TyEuzN
Jerry O'Connell,1,61l3sQ0unXg8aY9JkKImMo
Dax Shepard,1,I5QsK263tVTXaRY0QKr7a
Scot Armstrong,1,bdsnc99KqDvEdWO7nyf7F
James III,1,5QHkqMPbs5lY3uuB8smmLw
Alan Yang,1,1u2Xq71BdFybdT1KFemv22
Lucia Aniello,1,4OwWilTiVQxv7nltdAQ1Xx
Mark Gagliardi,1,6Z97bsP3VIqSOrryO4joQt
Busy Philipps,1,4pU241AhGrHFsJj6hKj9Uw
SuChin Pak,1,2tTBvBDyQC4KnoeDyjpGzF
Lyric Lewis,1,2UZXJGUiI2f4tIlurLvrwc
Ian Roberts,1,55jevic0fQSzf9Me552XFd
Craig Cackowski,1,3KV8Nmems48LWajfAH1aZL
Twin Shadow,1,6QWieM2hlH0TI0YkBTv1Sx
Jimmy Fowlie,1,4baoz6bzZr9xbBJCZtT5yh
Charlyne Yi,1,2xRU601XprvbojfuSAZKtF
Brian Jordan Alvarez,1,4SKpTEOG4SiRgBL7eA2pVR
Eric Andre,1,4Ep25yMgGx2GAoWBiatEt5
Jon Wurster,1,7eb7giz5uiGX6Rt6Ig94hc
Paul W. Downs,1,4gSCz64rbfqg4PpREXVY2P
Beck Bennett,1,3Rrewmy4PpO8FgYsjLxjGN
Ron Sexsmith,1,64JD7BpasoEFPi4kewlZtv
Dan Schimpf,1,33Hxmn3Zbt7uFRABViaSjA
Tom Green,1,1GwJ3NNxKjAt12I7XoLwXD
Loch and Key,1,4XJRyP4xLW0fozy4dOCCFn
Paul Rudd,1,7HbHjo3WRYGxYasLDRfSJG
Laraine Newman,1,5SPFZdfSoxw4eNZ1l0lLiU
Graham Parker,1,508HzAzAF3UWWi8DRfTdaA
Jillian Bell,1,5VkkTQcwODnf0IriZEZ2qJ
Angela Trimbur,1,2dzXEZPxv6zHSaRXwNt0UE
Ed Helms,1,2ObFhfJGc0OLEs1V67yDx7
Aparna Nancherla,1,1ji49fOXjolCUpy31ZyxPb
Natasha Lyonne,1,5fkD2LeMiX396y5QAAMcsD
Brandon Scott Jones,1,1uzcPqqXt9Ks1uN8ej5dGP
Adam Brody,1,zQ2jOXcrzHMedyXmOVi2M
Steel Panther,1,3GSE963trADubXPnTWd9wM
Kevin Allison,1,f7OJBcDyJA8F2gP3MHWGl
Anna Konkle,1,6KkC2BLSGWvYKYHMQb2lfr
Billy Eichner,1,1O3W3kFOFmq0ivOpgvw4KI
Wayne Federman,1,3PRwyuxcDsKAiACEZMgFjM
Nick Offerman,1,1ze6GgCzkJA9scs0SZvUHd
Mary Elizabeth-Ellis,1,4GJpPB64e9O753rJwO7bgJ
Donald Glover,1,4hbvtXgMJjYCaBflrpwJoj
Kate Mines,1,7b3EtkW4hiwDm2CxWIuTom
Eva Anderson,1,1Nvl83syAOXDQESGkv555W
Mike Phirman,1,6DOcR90wf1O64odZGTQUUW
Gabe Gundacker,1,5vVPwYraiBB8CVsgZwzW6C
Alia Shawkat,1,5WEuU2vLetLjMiZJ4xqUkc
Nick Ciarelli,1,5FB1IfhaIUdJhOKkskOm0i
Nick Frost,1,vNMQqpwlNTgKiUkSZofpg
Maya Erskine,1,3iKzTCJUvmAJQz5y51C7It
Jen Kirkman,1,7zAkiDh9RSBg83Q4RBHbEj
Matt Ingebretson,1,Moq3MALQdqrAl1Hbmk7fO
Jacquis Neal,1,11OQp18IFoZOb5NOhfkFcY
Alex Anfanger,1,56d86K7PjNshtAWkuceOw5
Natalie Morales,1,2N0phYfKUk0eMfLbN5yO2P
Tears for Fears,1,5AisNnZFY7md4pNTCcMbOG
Andrew Orvedahl,1,meGZtynSZyS2bhCaqTJ5n
Hannibal Buress,1,G2rIh0fmB6hXcUqhtUXtQ
Alyssa Limperis,1,22LG0shQrRKQitiB2bAFFj
Dan Telfer,1,7mdvMJOnSa01ZyT6kiLARD
Hana Mae Lee,1,2hQQ77WUmSEsCywzUr74z7
Marc Evan Jackson,1,6x3oPatZInNxl4YXulkUpv
Jon Heder,1,4orGJIu9eAKbbyPynvOLlT
Arnie Niekamp,1,6qRHLe6bAqVlPJwd00bekk
Tymberlee Hill,1,62TdOEuQylb41dwfV6Cd1j
Matt Berninger,1,49fsDPye0YUaN1VXvCewoF
Kether Donohue,1,5x46ph0BXral7rBEzg8cYY
Oscar Montoya,1,145PH31bwN5j5GjLUPH8sI
Dan Wilson,1,36EvXxFhL4kJurjRlevha5
Dave Sitek,1,4Qz5MlTHju00OzZwiT7Zax
Jimmy O. Yang,1,6AvtLkZ9diLYVuBWs5mogd
Bill Hader,1,1RYfnijUlDHQqmpw5EsJha
Deanna Russo,1,7A3ShyUW3RwzU3P7M3zfYJ
B.J. Novak,1,167cCiOVN6TEgQVxBywd3P
Adam Resnick,1,7GvZbM6aEfnA9LZHcTIRtV
Kurt Braunohler,1,6zBuxvxYPZkmOTPxC8V2Ms
Tim Robinson,1,1qxUGbkuw7WhFXErcoLCku
Jemaine Clement,1,4aJciaNvQrOudhNMuNanmX
Amber Tamblyn,1,1yvAA6ysU8LxHKphaSHjvD
Jonathan Van Ness,1,6nQ5AQgmgrx3YgorScIbxB
Eagles of Death Metal,1,34iFNfOWr2wY4kwsBDOwNS
Sarah Baker,1,7eMKmqL5LznTj9e95MXyij
Kaitlin Olson,1,2XUAlgjc8gvYbmU0QW4oBu
Mano Agapion,1,4GpOOggylKo16qhVcFvVtd
Kevin Pollak,1,2DpAbnQfvlxnWBAFAfpWIp
Seth Rogen,1,78cfP3CxPTkkIAIC43g0z3
Rekha Shankar,1,46nmKx3ho6Xc6a3jjaJFxZ
Judy Greer,1,q9ZkFbOQwUEhG2a9GeDY2
David Alan Grier,1,6sxHh9X5EMwtzPZTBpsHXG
Ron Funches,1,1PUvymJpH8nwSOZKpIzW7C
Ana Gasteyer,1,7zkJkqrIyJIMcnhNSESSyM
Ben Stiller,1,1VQ88kjyIFKMbJT3AAVNo7
Gerry Duggan,1,74XBvqJvrtzNxDjOhtvR27
Peter Serafinowicz,1,6ZXiCforUxCNUqrhictn5v
Jack Antonoff,1,3ogNUQSn9O1Qa3LBcEjKsq
David Rees,1,41v3qU18DdHgfN0q5qkptR
Merrill Garbus,1,4Mzzd95LTnnYnx4cg5mPTN
Keegan-Michael Key,1,5qtrmWPAIizt9dBDPWplqu
Conan O'Brien,1,46eLX1ILl1NeNGkPcRlRTJ
Charlotte Newhouse,1,ZJIgz9DXMbyCnu9mnLVNe
Rich Fulcher,1,6S2QKbVEFl1NDcbygzCPY8
Michael Ableson,1,4Hock9m53w9wDlldx6XkkO
Matt Mira,1,2MXJGaNSwuhddmFvUKbrVd
Jonathan Braylock,1,6cgmtOTyziBFJNwU7pE8Dl
Mike Mitchell,1,DHu2esIU7vra7wIxfXU5J
Kyle Mooney,1,5PiciCudjhJpTjzsr3HLjW
Dane Cook,1,71n4ItdQHxVGNapohrMfdh
Anders Holm,1,6xSf23ixqaIebpcNsnUSGj
Yassir Lester,1,3DqXqQh94dTH586EvGFDFf
Old 97's,1,5qbFujflupwqofpz4EyFwl
Silversun Pickups,1,tn5ComZ5hJ9bL91zu2Plb
Jessica Jean Jardine,1,6ceipeffAHv76zknGaVrTt
David Koechner,1,1QTksppFioOzQuOqGZfIp6
Paul Hornschemeier,1,6XKvcRFzy0Uwh0AoNRdpdU
Connor Ratliff,1,6jQG58oG4hmGjSwOqtVNNr
Emily Heller,1,6C7yvwnTY4hKJjxLvqhFmc
Dana Gould,1,73McnXPM93YSsKyNnLQiF9
Skylar Astin,1,3ODeCmyFaycQ8qLbNP2Orn
Marques Ray,1,GuEDBefX624YUiLezte7Z
Dave Foley,1,5Qm4qAlfF3vwtyXUMEva8E
Elizabeth Laime,1,5q7KPI5CevCgfgupsFFhNE
Tenacious D,1,HEQ3zx72uoSIJt4mrIPiy
