,numberOfAppearances
Paul F. Tompkins,175
Lauren Lapkus,55
James Adomian,54
Jason Mantzoukas,47
Neil Campbell,39
Andy Daly,38
Nick Kroll,36
Jon Gabrus,35
Ben Schwartz,30
Horatio Sanz,30
Drew Tarver,28
Jon Daly,27
Will Hines,27
Seth Morris,25
Mike Hanford,25
Carl Tart,24
Matt Besser,24
Tim Baltz,22
Mary Holland,22
Paul Rust,21
Ryan Gaul,20
Shaun Diston,20
Jessica St. Clair,20
Doug Benson,19
Ego Nwodim,18
Brett Gelman,18
Jessica McKenna,18
Weird Al Yankovic,18
Thomas Middleditch,18
Paul Scheer,17
Harris Wittels,16
Reggie Watts,16
Brendon Small,16
Joe Wengert,15
Tawny Newsome,15
Lily Sullivan,15
Dan Lippert,13
Lennon Parham,13
Matt Gourley,13
Andy Richter,12
Jimmy Pardo,12
Tig Notaro,12
Chelsea Peretti,12
Zeke Nicholson,12
Bob Odenkirk,12
Patton Oswalt,12
Gillian Jacobs,11
Nick Thune,11
Rob Huebel,11
John Gemberling,11
Todd Glass,10
David Wain,10
Thomas Lennon,10
Zach Galifianakis,10
Bobby Moynihan,10
Paul Brittain,10
Adam Scott,10
Matt Walsh,10
Brian Huskey,9
Betsy Sodaro,9
Kumail Nanjiani,9
Jon Hamm,9
Andy Samberg,9
Madeline Walter,9
Sarah Silverman,9
Claudia O'Doherty,8
Nick Wiger,8
Erin Whitehead,8
Natasha Leggero,8
Ben Rodgers,8
Tim Heidecker,8
Eugene Cordero,7
Edi Patterson,7
Zac Oyama,7
Kristian Bruun,7
Casey Wilson,7
Pamela Murphy,7
Martin Starr,7
Ryan Rosenberg,7
Mookie Blaiklock,7
Jeremy Rowley,7
Cameron Esposito,7
Jerry Minor,7
Taran Killam,6
Rory Scovel,6
Kulap Vilaysack,6
Tim Kalpakis,6
Howard Kremer,6
Holly Prazoff,6
Allan McLeod,6
Alison Rich,6
John Mulaney,6
D'Arcy Carden,6
John Hodgman,5
Kevin Nealon,5
Rob Corddry,5
Matt Braunger,5
Mary Sohn,5
Caroline Anderson,5
Tatiana Maslany,5
Jason Sklar,5
Sean Clements,5
Natalie Palamides,5
Gil Ozeri,5
Jonah Ray,5
Randy Sklar,5
Adam Pally,5
Colin Hanks,5
Brendon Walsh,5
Rhea Butcher,5
Zach Reino,4
Mike O'Brien,4
Dan Ahdoot,4
Fran Gillespie,4
Jon Mackey,4
Nathan Fielder,4
Stephanie Allynne,4
Amy Phillips,4
Eddie Pepitone,4
Chris Hardwick,4
Erinn Hayes,4
Jocelyn DeBoer,4
David Cross,4
Miles Archer,4
Aimee Mann,4
Dhruv Uday Singh,4
Nick Swardson,4
Hayes Davenport,4
Mary Lynn Rajskub,4
Maria Bamford,4
Ken Marino,4
Jerrod Carmichael,4
Andrea Savage,4
Danielle Schneider,4
Mandell Maughan,3
Adam Cayton-Holland,3
Anthony Atamanuik,3
Chris Tallman,3
Moshe Kasher,3
Brent Weinbach,3
Mike Birbiglia,3
Jenny Slate,3
Garfunkel & Oates,3
Jefferson Dutton,3
Flula Borg,3
Matt Apodaca,3
Max Silvestri,3
Dan Mangan,3
Kate Berlant,3
Neil Hamburger,3
Kyle Kinane,3
Amy Poehler,3
Edgar Momplaisir,3
Don't Stop Or We'll Die,3
June Diane Raphael,3
Michael Ian Black,3
Jordan Black,3
Aziz Ansari,3
Alana Johnston,3
Eliza Skinner,3
Adam DeVine,3
Jackie Clarke,3
Molly Bretthauer,3
Griffin Newman,3
Eugene Mirman,3
Ronnie Adrian,3
Edgar Wright,3
Birthday Boys,3
Anthony Jeselnik,3
Michelle Biloon,2
Rob Delaney,2
Wyatt Cenac,2
James Pumphrey,2
Jeremy Carter,2
Loudon Wainwright III,2
Paul Feig,2
Kyle Bornheimer,2
Joe Lo Truglio,2
Heidi Gardner,2
Fred Savage,2
Rich Sommer,2
Michael Showalter,2
Dannah Phirman,2
Melissa Rauch,2
Pat Francis,2
Ike Barinholtz,2
Mark McConville,2
Brian Posehn,2
Kristen Schaal,2
Rhys Darby,2
Marc Maron,2
Jim Gaffigan,2
Courtney Pauroso,2
Judd Apatow,2
Andy Dick,2
Anthony King,2
Haley Joel Osment,2
Shane Torres,2
Londale Theus Jr.,2
Langston Kerman,2
Jiavani Linayao,2
Whitney Cummings,2
Matthew Sweet,2
Ele Woods,2
Greg Proops,2
Chris Gethard,2
Steve Agee,2
Michael Cera,2
Paul Gilmartin,2
Myq Kaplan,2
Michael Cassady,2
American Football,2
Jordan Peele,2
Brandon Johnson,2
Nicole Parker,2
Electric Guest,2
Todd Barry,2
Baron Vaughn,2
Neko Case,2
Nick Lowe,2
Tim & Eric,2
Maria Thayer,2
Lamar Woods,2
Will Forte,2
Ify Nwadiwe,2
Chris Fairbanks,2
Tom Scharpling,2
Stephanie Wittels Wachs,2
Kirby Howell-Baptiste,2
Katie Rich,2
Chip Pope,2
Steven Yeun,2
Ted Leo,2
Riki Lindhome,2
Dillon Campbell,2
Bobcat Goldthwait,2
John Early,2
Jake Fogelnest,2
Jeff Garlin,2
Matt Belknap,2
Demi Adejuyigbe,2
Andy Kindler,2
Natasha Lyonne,1
Lizzy Caplan,1
Scot Armstrong,1
Oscar Montoya,1
Lyric Lewis,1
Bill Callahan,1
Busy Philipps,1
Arnie Niekamp,1
Dave Foley,1
Marques Ray,1
Alex Anfanger,1
Jon Wurster,1
Matt Berninger,1
Stephanie Hunt,1
Brad Evans,1
Neil Patrick Harris,1
Rogue Wave,1
Roman Sklar,1
Diane Coffee,1
Steve Byrne,1
Lucia Aniello,1
Jacob Wysocki,1
Jane Lynch,1
Kyle Mooney,1
Beth Dover,1
Keegan-Michael Key,1
Beth Stelling,1
Joel Kim Booster,1
Anna Konkle,1
Jessica Jean Jardine,1
Nick Ciarelli,1
Kevin Allison,1
Susanna Hoffs,1
Paul Witten,1
Maya Erskine,1
Shelby Fero,1
Dana Gould,1
Donald Glover,1
Tenacious D,1
Brandon Scott Jones,1
Jonathan Braylock,1
Billy Eichner,1
Phoebe Robinson,1
Ian Roberts,1
CHVRCHES,1
Wayne Federman,1
Shannon O'Neill,1
Lisa Gilroy,1
Julie Klausner,1
Alia Shawkat,1
Mary Scheer,1
Alicia Witt,1
Morgan Murphy,1
SuChin Pak,1
Kyle Dunnigan,1
Jamie Chung,1
Niccole Thurman,1
Tears for Fears,1
The National,1
Fred Armisen,1
The Thermals,1
Sarah Baker,1
Craig Robinson,1
Rich Fulcher,1
Seth Green,1
Ana Gasteyer,1
Dan Telfer,1
Laci Mosley,1
Steel Panther,1
Randy Liedtke,1
Eden Sher,1
Mark Gagliardi,1
Marguerite Moreau,1
Craig Cackowski,1
Adal Rifai,1
Mike Phirman,1
Neil Casey,1
Jim Rash,1
Janeane Garofalo,1
Eric Andre,1
Aunty Donna,1
Lake Bell,1
Jimmy O. Yang,1
St. Vincent,1
Megan Mullally,1
Jason Nash,1
Silversun Pickups,1
Hannibal Buress,1
Gerry Duggan,1
Michael Ableson,1
Sam Richardson,1
Brody Stevens,1
Andy Hull,1
Paul Hornschemeier,1
Tony Clifton,1
Hayley Huntley,1
Tom Green,1
Hal Rudnick,1
The Bangles,1
David Anthony Higgins,1
Marc Evan Jackson,1
Dan Schimpf,1
Rekha Shankar,1
Andrew Orvedahl,1
Laraine Newman,1
Kevin Pollak,1
Michaela Watkins,1
Mano Agapion,1
Timothy Simons,1
Yo La Tengo,1
Jason Woliner,1
Colin Quinn,1
Ruben Fleischer,1
Beck Bennett,1
Drew Droege,1
David Guy Levy,1
Joe Mande,1
Aparna Nancherla,1
David Rees,1
Jen Kirkman,1
Margaret Cho,1
Justin Kirk,1
Charlotte Newhouse,1
Sarah Chalke,1
Ben Roy,1
Miriam Tolan,1
Merrill Garbus,1
Trainwreck,1
Mitra Jouhari,1
Matt Young,1
Kaitlin Olson,1
Kate Mines,1
Tim Meadows,1
Dave Holmes,1
Skylar Astin,1
Bill Hader,1
Dane Cook,1
Eban Schletter,1
Paul W. Downs,1
Greg Behrendt,1
Old 97's,1
Chad Carter,1
Gilbert Gottfried,1
Jimmy Dore,1
Al Madrigal,1
Grant-Lee Phillips,1
Jim O'Heir,1
Ronna and Beverly,1
Peaches,1
Nicole Byer,1
Elizabeth Laime,1
Alan Yang,1
James Bladon,1
Hana Mae Lee,1
YACHT,1
Brian Jordan Alvarez,1
Phil Lord,1
Jay Chandrasekhar,1
Kether Donohue,1
Emily Heller,1
Charlyne Yi,1
Rachel Bloom,1
Dan Finnerty,1
Paul Reiser,1
Mike Mitchell,1
Peter Serafinowicz,1
Adam Brody,1
Sasheer Zamata,1
Graham Parker,1
Alyssa Limperis,1
Kay Cannon,1
Stars,1
Aya Cash,1
Matt Mira,1
Mary Elizabeth-Ellis,1
David Koechner,1
Eric Stonestreet,1
Deanna Russo,1
Allen Strickland Williams,1
Colin Hay,1
Mike O'Connell,1
John Grant,1
Lauren Ashley Smith,1
Jay Mohr,1
Kurt Braunohler,1
Dana Carvey,1
Jimmy Fowlie,1
Angela Trimbur,1
Robert McDowell,1
Ed Helms,1
Gabe Gundacker,1
Natalie Morales,1
Ian Edwards,1
Leo Allen,1
Jack Antonoff,1
Dawn Luebbe,1
Dave Ferguson,1
Jon Glaser,1
Colton Dunn,1
Alison Brie,1
Yassir Lester,1
Alex Borstein,1
Paul Rudd,1
Amber Tamblyn,1
Jemaine Clement,1
Nick Offerman,1
Twin Shadow,1
Michael Gladis,1
David Alan Grier,1
Johnny Pemberton,1
Jeffrey Ross,1
Dan Wilson,1
Jillian Bell,1
Paul Reubens,1
Conan O'Brien,1
Jacquis Neal,1
Adam Resnick,1
Simon Pegg,1
Janet Varney,1
Paul Banks,1
James III,1
Jonathan Van Ness,1
Dax Shepard,1
Seth Rogen,1
Robert Kirkman,1
Dave Sitek,1
Judy Greer,1
Henry Phillips,1
Bryan Safi,1
Eva Anderson,1
Lakeith Stanfield,1
Ron Funches,1
Jerah Milligan,1
Ron Sexsmith,1
Pete Holmes,1
Joe Cornish,1
Matt Ingebretson,1
Tim Robinson,1
Eagles of Death Metal,1
Chris Miller,1
Connor Ratliff,1
Jerry O'Connell,1
Molly Shannon,1
Mister Heavenly,1
Jack Quaid,1
Loch and Key,1
Nick Frost,1
Anders Holm,1
Jake Weisman,1
Mike Castle,1
B.J. Novak,1
Ben Stiller,1
Jon Heder,1
Emily V. Gordon,1
Arden Myrin,1
Demetri Martin,1
Samantha Bee,1
John Tejada,1
Jeremy Konner,1
Tymberlee Hill,1
Alan Tudyk,1
David Spade,1
Joel Hodgson,1
Ryan Hansen,1
Nat Faxon,1
